customer_id,customer_name,age,location
1,Nicholas Romero,35,Hartmanshire
2,Hannah Myers,52,Port Justin
3,Lee Blevins,58,Dunnhaven
4,Scott Owens,61,Lake Christopherstad
5,Tyler Russo,31,South David
6,Ian Johnson,42,Boothtown
7,Andrew Hampton,61,West Juliashire
8,Sharon Goodman,62,South Amanda
9,Mrs. Megan Smith,50,West Timothy
10,Barbara Jacobs,39,Lake Devin
11,Martin Hunter,48,Lewisburgh
12,Thomas Wong,18,Robertston
13,Ashley Stuart,19,Lake Melissa
14,Jeffrey Jones,67,North Jenniferfurt
15,April Cooper,69,Thomasberg
16,Michael Church,38,Edwardbury
17,Rachael Richardson,54,East Tonya
18,Sandy Gonzales,43,Port Jamesshire
19,Craig Hampton,26,Sharonshire
20,Alicia Dunn,48,Davisville
21,James Jones,39,Omarton
22,Anna Tyler,61,Kimberlyville
23,Sabrina Wheeler,46,Port Mark
24,David Powell,68,Petersonhaven
25,Kevin Brown,31,Hernandezport
26,Paul Thomas,70,New Tammytown
27,Chad Lyons,29,Stanleyhaven
28,Ashley Fitzpatrick,24,North Janicechester
29,Carrie Thomas,24,New Stephanie
30,John Jones,70,West Brittanyshire
31,Jonathan Smith,47,South Matthewmouth
32,Robert Murray PhD,47,Robertstad
33,Brian Huffman,22,North Hannahburgh
34,Elizabeth Romero,25,Hannachester
35,Cynthia Kirk,46,South Amyborough
36,Jane Jensen,43,Jacksonborough
37,Jessica James,42,Williamsview
38,Mr. Lawrence Fitzpatrick DVM,45,North Michael
39,Dawn Romero,66,Dawnside
40,Jennifer Johnson,46,Mitchellville
41,Susan Jones,61,Fraziermouth
42,Danny Graves,24,Richmondmouth
43,Cheryl Campbell,43,East Michaelmouth
44,Peter Hansen,48,Isaacfort
45,Peter Todd,60,North Colleenborough
46,Penny Hoover,22,Shaneview
47,Larry Lopez,51,New Anita
48,Mr. Bryan Young,36,New Andrewside
49,Michael Palmer,50,Ericmouth
50,Jason Smith,52,Matthewhaven
51,Blake Mitchell,55,North Timothy
52,Jessica Riley,23,Burnsshire
53,Amber Peters,48,South Julieville
54,Kelsey Ferguson,48,New Tammyshire
55,Joshua Wyatt,24,East Ashley
56,David Becker,68,Nunezchester
57,Jonathan Mercado,66,North Scottborough
58,Cheryl Taylor,54,Austinburgh
59,Debra Adkins,26,New Ashley
60,Tammy Odom,35,Martinborough
61,Eric Smith,52,Port Richard
62,Juan Raymond,28,Nicoleborough
63,Tamara Mccoy,66,North Jillianfort
64,Ronald Golden,48,Santosshire
65,Raymond Montgomery,69,Lake Shannonview
66,Erin Perez,67,Brandonberg
67,Eric Howell,49,Port Brendantown
68,Ashley Bray,49,West Regina
69,Laura Thomas,69,New Robert
70,Kenneth Sawyer,65,Kevinchester
71,Henry Lara,38,New Georgeville
72,Ashley Rogers,23,South Shannonport
73,Michelle Davis,32,Snyderburgh
74,Lisa Mccarthy,56,Markshire
75,William Gates,36,Port Jasonfurt
76,Thomas Carter,44,New Timothyland
77,Mrs. Angela Clarke,35,Tuckerburgh
78,Denise Hodges,65,Williamfort
79,Duane Baldwin,20,Joannaberg
80,Michael James,36,Port Andrew
81,Johnny Walter,68,Melvinburgh
82,Joshua Murphy,60,Kingfort
83,Nancy Alexander,53,West Kendrahaven
84,Andrea Young,47,Lake Christophershire
85,Matthew Reid,45,Lauraside
86,Sarah Mitchell,59,North Lindsay
87,Justin Smith,60,New Natalieberg
88,Amanda Mitchell,44,Johntown
89,Nichole Anderson,29,Brianaside
90,Seth Blake,50,New James
91,Susan Henderson,18,Perkinsstad
92,Jennifer Humphrey,41,Howardmouth
93,Tammy Johnson,58,Michellechester
94,George Pacheco,70,West Williamhaven
95,Connie Allen,54,Crawfordside
96,Anna Ortiz,57,Thomasborough
97,Christopher Jackson,29,East William
98,James Parsons MD,49,South Paul
99,Chelsea Allison,53,New Tammymouth
100,Brian Jackson,44,West Zacharytown
